,,PowerTerm,EnergyTerm,FixedPower
2030,P1,6606.205,8.427,
2030,P2,3935.625,3.946,
2030,P3,987.554,1.458,
2030,P4,686.109,0.716,
2030,P5,20.376,0.038,
2030,P6,13.971,0.004,
2035,P1,6606.205,8.427,
2035,P2,3935.625,3.946,
2035,P3,987.554,1.458,
2035,P4,686.109,0.716,
2035,P5,20.376,0.038,
2035,P6,13.971,0.004,
2040,P1,6606.205,8.427,
2040,P2,3935.625,3.946,
2040,P3,987.554,1.458,
2040,P4,686.109,0.716,
2040,P5,20.376,0.038,
2040,P6,13.971,0.004,
2050,P1,6606.205,8.427,
2050,P2,3935.625,3.946,
2050,P3,987.554,1.458,
2050,P4,686.109,0.716,
2050,P5,20.376,0.038,
2050,P6,13.971,0.004,
