,,,Efficiency
0.1,BOL,Stack1,75.44
0.15,BOL,Stack1,67
0.2,BOL,Stack1,60.2
0.25,BOL,Stack1,57.5
0.3,BOL,Stack1,56.3
0.35,BOL,Stack1,55.4
0.4,BOL,Stack1,54.8
0.45,BOL,Stack1,54.5
0.5,BOL,Stack1,54.3
0.55,BOL,Stack1,54.3
0.6,BOL,Stack1,54.3
0.65,BOL,Stack1,54.6
0.7,BOL,Stack1,54.8
0.75,BOL,Stack1,55
0.8,BOL,Stack1,55.4
0.85,BOL,Stack1,55.7
0.9,BOL,Stack1,56
0.95,BOL,Stack1,56.5
1,BOL,Stack1,57
0.1,MOL,Stack1,75.65
0.15,MOL,Stack1,67.5
0.2,MOL,Stack1,60.65
0.25,MOL,Stack1,58.1
0.3,MOL,Stack1,57
0.35,MOL,Stack1,56.2
0.4,MOL,Stack1,55.75
0.45,MOL,Stack1,55.55
0.5,MOL,Stack1,55.5
0.55,MOL,Stack1,55.6
0.6,MOL,Stack1,55.8
0.65,MOL,Stack1,56.15
0.7,MOL,Stack1,56.45
0.75,MOL,Stack1,56.8
0.8,MOL,Stack1,57.25
0.85,MOL,Stack1,57.7
0.9,MOL,Stack1,58.15
0.95,MOL,Stack1,58.75
1,MOL,Stack1,59.35
0.1,EOL,Stack1,75.9
0.15,EOL,Stack1,68
0.2,EOL,Stack1,61.1
0.25,EOL,Stack1,58.7
0.3,EOL,Stack1,57.7
0.35,EOL,Stack1,57
0.4,EOL,Stack1,56.7
0.45,EOL,Stack1,56.6
0.5,EOL,Stack1,56.7
0.55,EOL,Stack1,56.9
0.6,EOL,Stack1,57.3
0.65,EOL,Stack1,57.7
0.7,EOL,Stack1,58.1
0.75,EOL,Stack1,58.6
0.8,EOL,Stack1,59.1
0.85,EOL,Stack1,59.7
0.9,EOL,Stack1,60.3
0.95,EOL,Stack1,61
1,EOL,Stack1,61.7
0.1,BOL,Stack2,71.67
0.15,BOL,Stack2,63.65
0.2,BOL,Stack2,57.19
0.25,BOL,Stack2,54.63
0.3,BOL,Stack2,53.49
0.35,BOL,Stack2,52.63
0.4,BOL,Stack2,52.06
0.45,BOL,Stack2,51.78
0.5,BOL,Stack2,51.59
0.55,BOL,Stack2,51.59
0.6,BOL,Stack2,51.59
0.65,BOL,Stack2,51.87
0.7,BOL,Stack2,52.06
0.75,BOL,Stack2,52.25
0.8,BOL,Stack2,52.63
0.85,BOL,Stack2,52.92
0.9,BOL,Stack2,53.2
0.95,BOL,Stack2,53.68
1,BOL,Stack2,54.15
0.1,MOL,Stack2,71.87
0.15,MOL,Stack2,64.13
0.2,MOL,Stack2,57.62
0.25,MOL,Stack2,55.2
0.3,MOL,Stack2,54.15
0.35,MOL,Stack2,53.39
0.4,MOL,Stack2,52.96
0.45,MOL,Stack2,52.77
0.5,MOL,Stack2,52.73
0.55,MOL,Stack2,52.82
0.6,MOL,Stack2,53.01
0.65,MOL,Stack2,53.34
0.7,MOL,Stack2,53.63
0.75,MOL,Stack2,53.96
0.8,MOL,Stack2,54.39
0.85,MOL,Stack2,54.82
0.9,MOL,Stack2,55.24
0.95,MOL,Stack2,55.81
1,MOL,Stack2,56.38
0.1,EOL,Stack2,72.11
0.15,EOL,Stack2,64.6
0.2,EOL,Stack2,58.05
0.25,EOL,Stack2,55.77
0.3,EOL,Stack2,54.82
0.35,EOL,Stack2,54.15
0.4,EOL,Stack2,53.87
0.45,EOL,Stack2,53.77
0.5,EOL,Stack2,53.87
0.55,EOL,Stack2,54.06
0.6,EOL,Stack2,54.44
0.65,EOL,Stack2,54.82
0.7,EOL,Stack2,55.2
0.75,EOL,Stack2,55.67
0.8,EOL,Stack2,56.15
0.85,EOL,Stack2,56.72
0.9,EOL,Stack2,57.29
0.95,EOL,Stack2,57.95
1,EOL,Stack2,58.62
0.1,BOL,Stack3,68.09
0.15,BOL,Stack3,60.47
0.2,BOL,Stack3,54.33
0.25,BOL,Stack3,51.9
0.3,BOL,Stack3,50.82
0.35,BOL,Stack3,50
0.4,BOL,Stack3,49.46
0.45,BOL,Stack3,49.19
0.5,BOL,Stack3,49.01
0.55,BOL,Stack3,49.01
0.6,BOL,Stack3,49.01
0.65,BOL,Stack3,49.28
0.7,BOL,Stack3,49.46
0.75,BOL,Stack3,49.64
0.8,BOL,Stack3,50
0.85,BOL,Stack3,50.27
0.9,BOL,Stack3,50.54
0.95,BOL,Stack3,51
1,BOL,Stack3,51.44
0.1,MOL,Stack3,68.28
0.15,MOL,Stack3,60.92
0.2,MOL,Stack3,54.74
0.25,MOL,Stack3,52.44
0.3,MOL,Stack3,51.44
0.35,MOL,Stack3,50.72
0.4,MOL,Stack3,50.31
0.45,MOL,Stack3,50.13
0.5,MOL,Stack3,50.09
0.55,MOL,Stack3,50.18
0.6,MOL,Stack3,50.36
0.65,MOL,Stack3,50.67
0.7,MOL,Stack3,50.95
0.75,MOL,Stack3,51.26
0.8,MOL,Stack3,51.67
0.85,MOL,Stack3,52.08
0.9,MOL,Stack3,52.48
0.95,MOL,Stack3,53.02
1,MOL,Stack3,53.56
0.1,EOL,Stack3,68.5
0.15,EOL,Stack3,61.37
0.2,EOL,Stack3,55.15
0.25,EOL,Stack3,52.98
0.3,EOL,Stack3,52.08
0.35,EOL,Stack3,51.44
0.4,EOL,Stack3,51.18
0.45,EOL,Stack3,51.08
0.5,EOL,Stack3,51.18
0.55,EOL,Stack3,51.36
0.6,EOL,Stack3,51.72
0.65,EOL,Stack3,52.08
0.7,EOL,Stack3,52.44
0.75,EOL,Stack3,52.89
0.8,EOL,Stack3,53.34
0.85,EOL,Stack3,53.88
0.9,EOL,Stack3,54.43
0.95,EOL,Stack3,55.05
1,EOL,Stack3,55.69
