,,,InitialPeriod,FinalPeriod
Gin,BESS,c1,2030,2055
Gin,EZ,c1,2030,2055
Gin,BoP,c1,2030,2055
Wind,BESS,c1,2030,2055
Wind,EZ,c1,2030,2055
Wind,BoP,c1,2030,2055
Wind,Gout,c1,2030,2055
Solar,BESS,c1,2030,2055
Solar,EZ,c1,2030,2055
Solar,BoP,c1,2030,2055
Solar,Gout,c1,2030,2055
BESS,EZ,c1,2030,2055
BESS,BoP,c1,2030,2055
BESS,Gout,c1,2030,2055
PPAsolar,BESS,c1,2030,2055
PPAsolar,EZ,c1,2030,2055
PPAsolar,BoP,c1,2030,2055
PPAsolar,Gout,c1,2030,2055
PPAwind,BESS,c1,2030,2055
PPAwind,EZ,c1,2030,2055
PPAwind,BoP,c1,2030,2055
PPAwind,Gout,c1,2030,2055
