,Node,Technology,BinaryInvestment,BinaryRetirement,InitialPeriod,FinalPeriod,MaxPower,MaxCharge,MinChargeRatio,H2MaxOutflow,H2MinOutflow,InitialStorage,MaxStorage,MinStorage,H2InitialStorage,H2MaxStorage,H2MinStorage,Efficiency,SBConsumption,BoPFactor,PeriodDegRate,OMFixedCost,StartUpCost,ShutDownCost,FixedChargeRate,FixedInvestmentCost,FixedRetirementCost,InvestmentLo,InvestmentUp,RetirementLo,RetirementUp,PPAprice,OutflowsRampUp,OutflowsRampDw
Wind,Wind,Wind,,,2030,2055,300,,,,,,,,,,,,,,0.005,0.01666,,,0.071,1.1466,,,,,,,,
SolarPV,Solar,SolarPV,,,2030,2055,300,,,,,,,,,,,,,,0.005,0.0095,,,0.071,0.38,,,,,,,,
Battery,BESS,BESS,,,2030,2055,150,150,,,,0.3,0.6,0.06,,,,0.92,,,0.005,0.03087,,,0.071,1.3783,,,,,,,,
Stack1,EZ,Electrolyzer,,,2030,2040,,150,0.2,,,,,,,,,,,,,0.0273,1,0.5,0.1295,1.759,0.0573,,,,,,,
Stack2,EZ,Electrolyzer,,,2040,2050,,150,0.2,,,,,,,,,,,,,0.0273,1,0.5,0.1295,0.516,0.0516,,,,,,,
Stack3,EZ,Electrolyzer,,,2050,2055,,150,0.2,,,,,,,,,,,,,0.0273,1,0.5,0.231,0.464,,,,,,,,
BoP,BoP,BoP,,,2030,2055,,15,,,,,,,,,,,1.5,0.0625,,,,,0.071,0.00001,,,,,,,,
H2Storage,Storage,H2Storage,,,2030,2055,,,,3000,900,,,,45000,90000,9000,1,,,,0.0094,,,0.071,0.47,,,,,,,900,900
PPAsolar_30,PPAsolar,PPA,,,2030,2040,300,,,,,,,,,,,,,,,,,,,,,,,,,34,,
PPAsolar_40,PPAsolar,PPA,,,2040,2050,300,,,,,,,,,,,,,,,,,,,,,,,,,32.3,,
PPAsolar_50,PPAsolar,PPA,,,2050,2055,300,,,,,,,,,,,,,,,,,,,,,,,,,30.7,,
PPAwind_30,PPAwind,PPA,,,2030,2040,300,,,,,,,,,,,,,,,,,,,,,,,,,60,,
PPAwind_40,PPAwind,PPA,,,2040,2050,300,,,,,,,,,,,,,,,,,,,,,,,,,57,,
PPAwind_50,PPAwind,PPA,,,2050,2055,300,,,,,,,,,,,,,,,,,,,,,,,,,54.2,,
